student-id,password
22001,22001
22002,22002
22003,22003
22004,22004
22005,22005
22006,22006
22007,22007
22008,22008
22009,22009
22010,22010
22011,22011
22012,22012
22013,22013
22014,22014
22015,22015
22016,22016
22017,22017
22018,22018
22019,22019
22020,22020
22021,22021
22022,22022
22023,22023
22024,22024
22025,22025
22026,22026
22027,22027
22028,22028
22029,22029
22030,22030
22031,22031
22032,22032
22033,22033
22034,22034
22035,22035
22036,22036
22037,22037
22038,22038
22039,22039
22040,22040
22041,22041
22042,22042
22043,22043
22044,22044
22045,22045
22046,22046
22047,22047
22048,22048
22049,22049
22050,22050
22051,22051
22052,22052
22053,22053
22054,22054
22055,22055
22056,22056
22057,22057
22058,22058
22059,22059
22060,22060
22061,22061
22062,22062
22063,22063
22064,22064
22065,22065
22066,22066
22067,22067
22068,22068
22069,22069
22070,22070
22071,22071
22072,22072
22073,22073
22074,22074
22075,22075
22076,22076
22077,22077
22078,22078
22079,22079
22080,22080
22081,22081
22082,22082
22083,22083
22084,22084
22085,22085
22086,22086
22087,22087
22088,22088
22089,22089
22090,22090
22091,22091
22092,22092
22093,22093
22094,22094
22095,22095
22096,22096
22097,22097
22098,22098
22099,22099
22100,22100
22101,22101
22102,22102
22103,22103
22104,22104
22105,22105
22106,22106
22107,22107
22108,22108
22109,22109
22110,22110
22111,22111
22112,22112
22113,22113
22114,22114
22115,22115
22116,22116
22117,22117
22118,22118
22119,22119
22120,22120
22121,22121
22122,22122
22123,22123
22124,22124
22125,22125