student-id,password
22001,22001
22002,22002
22003,22003
22004,22004
22005,22005
22006,22006
22007,22007
22008,22008
22009,22009
22010,22010
22011,22011
22012,22012
22013,22013
22014,22014
22015,22015
22016,22016
22017,22017
22018,22018
22019,22019
22020,22020
22021,22021
22022,22022
22023,22023
22024,22024
22025,22025
22026,22026
22027,22027
22028,22028
22029,22029
22030,22030
23001,23001
23002,23002
23003,23003
23004,23004
23005,23005
23006,23006
23007,23007
23008,23008
23009,23009
23010,23010
23011,23011
23012,23012
23013,23013
23014,23014
23015,23015
23016,23016
23017,23017
23018,23018
23019,23019
23020,23020
23021,23021
23022,23022
23023,23023
23024,23024
23025,23025
23026,23026
23027,23027
23028,23028
23029,23029
23030,23030